[{"model": "admin.logentry", "pk": 1, "fields": {"action_time": "2021-09-14T22:45:56.489Z", "user": 1, "content_type": 8, "object_id": "1", "object_repr": "test", "action_flag": 2, "change_message": "[{\"changed\": {\"fields\": [\"User\"]}}]"}}, {"model": "admin.logentry", "pk": 2, "fields": {"action_time": "2021-09-15T03:54:46.067Z", "user": 1, "content_type": 7, "object_id": "3", "object_repr": "127.0.0.1:8000", "action_flag": 1, "change_message": "[{\"added\": {}}]"}}, {"model": "admin.logentry", "pk": 3, "fields": {"action_time": "2021-09-15T03:58:50.653Z", "user": 1, "content_type": 11, "object_id": "1", "object_repr": "dudap-django-auth-app", "action_flag": 1, "change_message": "[{\"added\": {}}]"}}, {"model": "admin.logentry", "pk": 4, "fields": {"action_time": "2021-09-15T04:15:52.408Z", "user": 1, "content_type": 8, "object_id": "2", "object_repr": "fruits", "action_flag": 2, "change_message": "[{\"changed\": {\"fields\": [\"User\"]}}]"}}, {"model": "admin.logentry", "pk": 5, "fields": {"action_time": "2021-09-16T18:50:06.767Z", "user": 1, "content_type": 14, "object_id": "1", "object_repr": "Watch", "action_flag": 1, "change_message": "[{\"added\": {}}]"}}, {"model": "admin.logentry", "pk": 6, "fields": {"action_time": "2021-10-14T22:33:20.056Z", "user": 1, "content_type": 17, "object_id": "1", "object_repr": "add sex", "action_flag": 1, "change_message": "[{\"added\": {}}]"}}, {"model": "admin.logentry", "pk": 7, "fields": {"action_time": "2021-10-14T22:33:37.287Z", "user": 1, "content_type": 17, "object_id": "2", "object_repr": "add sex", "action_flag": 1, "change_message": "[{\"added\": {}}]"}}, {"model": "admin.logentry", "pk": 8, "fields": {"action_time": "2021-10-14T23:07:04.449Z", "user": 1, "content_type": 17, "object_id": "6", "object_repr": "add sex", "action_flag": 3, "change_message": ""}}, {"model": "admin.logentry", "pk": 9, "fields": {"action_time": "2021-10-14T23:07:04.503Z", "user": 1, "content_type": 17, "object_id": "5", "object_repr": "add sex", "action_flag": 3, "change_message": ""}}, {"model": "admin.logentry", "pk": 10, "fields": {"action_time": "2021-10-14T23:07:04.552Z", "user": 1, "content_type": 17, "object_id": "4", "object_repr": "add sex", "action_flag": 3, "change_message": ""}}, {"model": "admin.logentry", "pk": 11, "fields": {"action_time": "2021-10-14T23:07:04.619Z", "user": 1, "content_type": 17, "object_id": "3", "object_repr": "add sex", "action_flag": 3, "change_message": ""}}, {"model": "admin.logentry", "pk": 12, "fields": {"action_time": "2021-10-16T22:16:35.897Z", "user": 1, "content_type": 18, "object_id": "1", "object_repr": "test", "action_flag": 2, "change_message": "[{\"changed\": {\"fields\": [\"Trait user\"]}}]"}}, {"model": "admin.logentry", "pk": 13, "fields": {"action_time": "2021-10-16T22:24:13.241Z", "user": 1, "content_type": 18, "object_id": "4", "object_repr": "test", "action_flag": 3, "change_message": ""}}, {"model": "admin.logentry", "pk": 14, "fields": {"action_time": "2021-10-16T22:24:13.317Z", "user": 1, "content_type": 18, "object_id": "3", "object_repr": "test", "action_flag": 3, "change_message": ""}}, {"model": "admin.logentry", "pk": 15, "fields": {"action_time": "2021-10-16T22:24:13.383Z", "user": 1, "content_type": 18, "object_id": "2", "object_repr": "test2", "action_flag": 3, "change_message": ""}}, {"model": "admin.logentry", "pk": 16, "fields": {"action_time": "2021-10-16T22:25:53.919Z", "user": 1, "content_type": 18, "object_id": "6", "object_repr": "test", "action_flag": 3, "change_message": ""}}, {"model": "admin.logentry", "pk": 17, "fields": {"action_time": "2021-10-16T22:25:54.011Z", "user": 1, "content_type": 18, "object_id": "5", "object_repr": "test", "action_flag": 3, "change_message": ""}}, {"model": "admin.logentry", "pk": 18, "fields": {"action_time": "2021-10-16T22:35:30.373Z", "user": 1, "content_type": 18, "object_id": "7", "object_repr": "test2", "action_flag": 3, "change_message": ""}}, {"model": "admin.logentry", "pk": 19, "fields": {"action_time": "2021-10-16T22:36:16.443Z", "user": 1, "content_type": 18, "object_id": "1", "object_repr": "Punctual", "action_flag": 2, "change_message": "[{\"changed\": {\"fields\": [\"Title\", \"Content\"]}}]"}}, {"model": "admin.logentry", "pk": 20, "fields": {"action_time": "2021-10-26T20:17:43.834Z", "user": 1, "content_type": 16, "object_id": "2", "object_repr": "everything is a lie", "action_flag": 3, "change_message": ""}}, {"model": "admin.logentry", "pk": 21, "fields": {"action_time": "2021-10-26T20:17:43.901Z", "user": 1, "content_type": 16, "object_id": "1", "object_repr": "lieeeeee", "action_flag": 3, "change_message": ""}}, {"model": "admin.logentry", "pk": 22, "fields": {"action_time": "2021-10-26T20:18:37.097Z", "user": 1, "content_type": 16, "object_id": "3", "object_repr": "Is this a liee????", "action_flag": 3, "change_message": ""}}, {"model": "admin.logentry", "pk": 23, "fields": {"action_time": "2021-10-26T20:23:26.444Z", "user": 1, "content_type": 16, "object_id": "5", "object_repr": "lying is good", "action_flag": 1, "change_message": "[{\"added\": {}}]"}}, {"model": "auth.permission", "pk": 1, "fields": {"name": "Can add log entry", "content_type": 1, "codename": "add_logentry"}}, {"model": "auth.permission", "pk": 2, "fields": {"name": "Can change log entry", "content_type": 1, "codename": "change_logentry"}}, {"model": "auth.permission", "pk": 3, "fields": {"name": "Can delete log entry", "content_type": 1, "codename": "delete_logentry"}}, {"model": "auth.permission", "pk": 4, "fields": {"name": "Can view log entry", "content_type": 1, "codename": "view_logentry"}}, {"model": "auth.permission", "pk": 5, "fields": {"name": "Can add permission", "content_type": 2, "codename": "add_permission"}}, {"model": "auth.permission", "pk": 6, "fields": {"name": "Can change permission", "content_type": 2, "codename": "change_permission"}}, {"model": "auth.permission", "pk": 7, "fields": {"name": "Can delete permission", "content_type": 2, "codename": "delete_permission"}}, {"model": "auth.permission", "pk": 8, "fields": {"name": "Can view permission", "content_type": 2, "codename": "view_permission"}}, {"model": "auth.permission", "pk": 9, "fields": {"name": "Can add group", "content_type": 3, "codename": "add_group"}}, {"model": "auth.permission", "pk": 10, "fields": {"name": "Can change group", "content_type": 3, "codename": "change_group"}}, {"model": "auth.permission", "pk": 11, "fields": {"name": "Can delete group", "content_type": 3, "codename": "delete_group"}}, {"model": "auth.permission", "pk": 12, "fields": {"name": "Can view group", "content_type": 3, "codename": "view_group"}}, {"model": "auth.permission", "pk": 13, "fields": {"name": "Can add user", "content_type": 4, "codename": "add_user"}}, {"model": "auth.permission", "pk": 14, "fields": {"name": "Can change user", "content_type": 4, "codename": "change_user"}}, {"model": "auth.permission", "pk": 15, "fields": {"name": "Can delete user", "content_type": 4, "codename": "delete_user"}}, {"model": "auth.permission", "pk": 16, "fields": {"name": "Can view user", "content_type": 4, "codename": "view_user"}}, {"model": "auth.permission", "pk": 17, "fields": {"name": "Can add content type", "content_type": 5, "codename": "add_contenttype"}}, {"model": "auth.permission", "pk": 18, "fields": {"name": "Can change content type", "content_type": 5, "codename": "change_contenttype"}}, {"model": "auth.permission", "pk": 19, "fields": {"name": "Can delete content type", "content_type": 5, "codename": "delete_contenttype"}}, {"model": "auth.permission", "pk": 20, "fields": {"name": "Can view content type", "content_type": 5, "codename": "view_contenttype"}}, {"model": "auth.permission", "pk": 21, "fields": {"name": "Can add session", "content_type": 6, "codename": "add_session"}}, {"model": "auth.permission", "pk": 22, "fields": {"name": "Can change session", "content_type": 6, "codename": "change_session"}}, {"model": "auth.permission", "pk": 23, "fields": {"name": "Can delete session", "content_type": 6, "codename": "delete_session"}}, {"model": "auth.permission", "pk": 24, "fields": {"name": "Can view session", "content_type": 6, "codename": "view_session"}}, {"model": "auth.permission", "pk": 25, "fields": {"name": "Can add site", "content_type": 7, "codename": "add_site"}}, {"model": "auth.permission", "pk": 26, "fields": {"name": "Can change site", "content_type": 7, "codename": "change_site"}}, {"model": "auth.permission", "pk": 27, "fields": {"name": "Can delete site", "content_type": 7, "codename": "delete_site"}}, {"model": "auth.permission", "pk": 28, "fields": {"name": "Can view site", "content_type": 7, "codename": "view_site"}}, {"model": "auth.permission", "pk": 29, "fields": {"name": "Can add discussion", "content_type": 8, "codename": "add_discussion"}}, {"model": "auth.permission", "pk": 30, "fields": {"name": "Can change discussion", "content_type": 8, "codename": "change_discussion"}}, {"model": "auth.permission", "pk": 31, "fields": {"name": "Can delete discussion", "content_type": 8, "codename": "delete_discussion"}}, {"model": "auth.permission", "pk": 32, "fields": {"name": "Can view discussion", "content_type": 8, "codename": "view_discussion"}}, {"model": "auth.permission", "pk": 33, "fields": {"name": "Can add email address", "content_type": 9, "codename": "add_emailaddress"}}, {"model": "auth.permission", "pk": 34, "fields": {"name": "Can change email address", "content_type": 9, "codename": "change_emailaddress"}}, {"model": "auth.permission", "pk": 35, "fields": {"name": "Can delete email address", "content_type": 9, "codename": "delete_emailaddress"}}, {"model": "auth.permission", "pk": 36, "fields": {"name": "Can view email address", "content_type": 9, "codename": "view_emailaddress"}}, {"model": "auth.permission", "pk": 37, "fields": {"name": "Can add email confirmation", "content_type": 10, "codename": "add_emailconfirmation"}}, {"model": "auth.permission", "pk": 38, "fields": {"name": "Can change email confirmation", "content_type": 10, "codename": "change_emailconfirmation"}}, {"model": "auth.permission", "pk": 39, "fields": {"name": "Can delete email confirmation", "content_type": 10, "codename": "delete_emailconfirmation"}}, {"model": "auth.permission", "pk": 40, "fields": {"name": "Can view email confirmation", "content_type": 10, "codename": "view_emailconfirmation"}}, {"model": "auth.permission", "pk": 41, "fields": {"name": "Can add social application", "content_type": 11, "codename": "add_socialapp"}}, {"model": "auth.permission", "pk": 42, "fields": {"name": "Can change social application", "content_type": 11, "codename": "change_socialapp"}}, {"model": "auth.permission", "pk": 43, "fields": {"name": "Can delete social application", "content_type": 11, "codename": "delete_socialapp"}}, {"model": "auth.permission", "pk": 44, "fields": {"name": "Can view social application", "content_type": 11, "codename": "view_socialapp"}}, {"model": "auth.permission", "pk": 45, "fields": {"name": "Can add social account", "content_type": 12, "codename": "add_socialaccount"}}, {"model": "auth.permission", "pk": 46, "fields": {"name": "Can change social account", "content_type": 12, "codename": "change_socialaccount"}}, {"model": "auth.permission", "pk": 47, "fields": {"name": "Can delete social account", "content_type": 12, "codename": "delete_socialaccount"}}, {"model": "auth.permission", "pk": 48, "fields": {"name": "Can view social account", "content_type": 12, "codename": "view_socialaccount"}}, {"model": "auth.permission", "pk": 49, "fields": {"name": "Can add social application token", "content_type": 13, "codename": "add_socialtoken"}}, {"model": "auth.permission", "pk": 50, "fields": {"name": "Can change social application token", "content_type": 13, "codename": "change_socialtoken"}}, {"model": "auth.permission", "pk": 51, "fields": {"name": "Can delete social application token", "content_type": 13, "codename": "delete_socialtoken"}}, {"model": "auth.permission", "pk": 52, "fields": {"name": "Can view social application token", "content_type": 13, "codename": "view_socialtoken"}}, {"model": "auth.permission", "pk": 53, "fields": {"name": "Can add promise", "content_type": 14, "codename": "add_promise"}}, {"model": "auth.permission", "pk": 54, "fields": {"name": "Can change promise", "content_type": 14, "codename": "change_promise"}}, {"model": "auth.permission", "pk": 55, "fields": {"name": "Can delete promise", "content_type": 14, "codename": "delete_promise"}}, {"model": "auth.permission", "pk": 56, "fields": {"name": "Can view promise", "content_type": 14, "codename": "view_promise"}}, {"model": "auth.permission", "pk": 57, "fields": {"name": "Can add date", "content_type": 15, "codename": "add_date"}}, {"model": "auth.permission", "pk": 58, "fields": {"name": "Can change date", "content_type": 15, "codename": "change_date"}}, {"model": "auth.permission", "pk": 59, "fields": {"name": "Can delete date", "content_type": 15, "codename": "delete_date"}}, {"model": "auth.permission", "pk": 60, "fields": {"name": "Can view date", "content_type": 15, "codename": "view_date"}}, {"model": "auth.permission", "pk": 61, "fields": {"name": "Can add lie", "content_type": 16, "codename": "add_lie"}}, {"model": "auth.permission", "pk": 62, "fields": {"name": "Can change lie", "content_type": 16, "codename": "change_lie"}}, {"model": "auth.permission", "pk": 63, "fields": {"name": "Can delete lie", "content_type": 16, "codename": "delete_lie"}}, {"model": "auth.permission", "pk": 64, "fields": {"name": "Can view lie", "content_type": 16, "codename": "view_lie"}}, {"model": "auth.permission", "pk": 65, "fields": {"name": "Can add sex", "content_type": 17, "codename": "add_sex"}}, {"model": "auth.permission", "pk": 66, "fields": {"name": "Can change sex", "content_type": 17, "codename": "change_sex"}}, {"model": "auth.permission", "pk": 67, "fields": {"name": "Can delete sex", "content_type": 17, "codename": "delete_sex"}}, {"model": "auth.permission", "pk": 68, "fields": {"name": "Can view sex", "content_type": 17, "codename": "view_sex"}}, {"model": "auth.permission", "pk": 69, "fields": {"name": "Can add trait", "content_type": 18, "codename": "add_trait"}}, {"model": "auth.permission", "pk": 70, "fields": {"name": "Can change trait", "content_type": 18, "codename": "change_trait"}}, {"model": "auth.permission", "pk": 71, "fields": {"name": "Can delete trait", "content_type": 18, "codename": "delete_trait"}}, {"model": "auth.permission", "pk": 72, "fields": {"name": "Can view trait", "content_type": 18, "codename": "view_trait"}}, {"model": "auth.user", "pk": 1, "fields": {"password": "pbkdf2_sha256$260000$OSSbRE9inWlYtNOUhXSMXV$UsuXEeWXR2eAPUP4AQef6xVoxeqQWQKWHV7u04s5ivA=", "last_login": "2021-10-26T20:19:18.237Z", "is_superuser": true, "username": "tralf", "first_name": "", "last_name": "", "email": "ruud.raja@gmail.com", "is_staff": true, "is_active": true, "date_joined": "2021-09-14T22:19:11.501Z", "groups": [], "user_permissions": []}}, {"model": "auth.user", "pk": 2, "fields": {"password": "!aPY9khCYqYMJF4USxZg8oaogTtp7ZYSMRZpwNmzZ", "last_login": "2021-10-26T20:23:39.100Z", "is_superuser": false, "username": "throwaway", "first_name": "throwaway", "last_name": "account", "email": "throwawaya846@gmail.com", "is_staff": false, "is_active": true, "date_joined": "2021-09-15T04:00:03.248Z", "groups": [], "user_permissions": []}}, {"model": "auth.user", "pk": 3, "fields": {"password": "pbkdf2_sha256$260000$UhNAhClUPi5s7BZcTRq5F8$haWkRO2fBrCNUXvX3fM3GsfkqW062Qqscf6An9pqf+g=", "last_login": null, "is_superuser": false, "username": "testmail", "first_name": "", "last_name": "", "email": "kevof52449@wawue.com", "is_staff": false, "is_active": true, "date_joined": "2021-10-18T05:24:22.901Z", "groups": [], "user_permissions": []}}, {"model": "auth.user", "pk": 4, "fields": {"password": "pbkdf2_sha256$260000$KMPmTkRSwSTT7X7xqRasfM$u44abYH/Cle7Y62auZQpfAZ5Rbf17IxIP7MD0XEdNuY=", "last_login": null, "is_superuser": false, "username": "testmail2", "first_name": "", "last_name": "", "email": "kigaxi9927@proxiesblog.com", "is_staff": false, "is_active": true, "date_joined": "2021-10-18T05:28:34.208Z", "groups": [], "user_permissions": []}}, {"model": "auth.user", "pk": 5, "fields": {"password": "pbkdf2_sha256$260000$YRXICxCT9NbtquKgcZQhlT$peRbDwjSzN+Bm0+4OYoQzKpKNh0OZbKAzDsdJ5qSpNc=", "last_login": "2021-10-18T05:34:16.907Z", "is_superuser": false, "username": "testmail3", "first_name": "", "last_name": "", "email": "nesake7466@specialistblog.com", "is_staff": false, "is_active": true, "date_joined": "2021-10-18T05:34:13.615Z", "groups": [], "user_permissions": []}}, {"model": "contenttypes.contenttype", "pk": 1, "fields": {"app_label": "admin", "model": "logentry"}}, {"model": "contenttypes.contenttype", "pk": 2, "fields": {"app_label": "auth", "model": "permission"}}, {"model": "contenttypes.contenttype", "pk": 3, "fields": {"app_label": "auth", "model": "group"}}, {"model": "contenttypes.contenttype", "pk": 4, "fields": {"app_label": "auth", "model": "user"}}, {"model": "contenttypes.contenttype", "pk": 5, "fields": {"app_label": "contenttypes", "model": "contenttype"}}, {"model": "contenttypes.contenttype", "pk": 6, "fields": {"app_label": "sessions", "model": "session"}}, {"model": "contenttypes.contenttype", "pk": 7, "fields": {"app_label": "sites", "model": "site"}}, {"model": "contenttypes.contenttype", "pk": 8, "fields": {"app_label": "discussions", "model": "discussion"}}, {"model": "contenttypes.contenttype", "pk": 9, "fields": {"app_label": "account", "model": "emailaddress"}}, {"model": "contenttypes.contenttype", "pk": 10, "fields": {"app_label": "account", "model": "emailconfirmation"}}, {"model": "contenttypes.contenttype", "pk": 11, "fields": {"app_label": "socialaccount", "model": "socialapp"}}, {"model": "contenttypes.contenttype", "pk": 12, "fields": {"app_label": "socialaccount", "model": "socialaccount"}}, {"model": "contenttypes.contenttype", "pk": 13, "fields": {"app_label": "socialaccount", "model": "socialtoken"}}, {"model": "contenttypes.contenttype", "pk": 14, "fields": {"app_label": "promises", "model": "promise"}}, {"model": "contenttypes.contenttype", "pk": 15, "fields": {"app_label": "dates", "model": "date"}}, {"model": "contenttypes.contenttype", "pk": 16, "fields": {"app_label": "lies", "model": "lie"}}, {"model": "contenttypes.contenttype", "pk": 17, "fields": {"app_label": "sex", "model": "sex"}}, {"model": "contenttypes.contenttype", "pk": 18, "fields": {"app_label": "traits", "model": "trait"}}, {"model": "sessions.session", "pk": "2bsalwa2tmtevfvimxi0bz2sbtxrazvl", "fields": {"session_data": "e30:1mQWtn:tx00i1SFBVr-u78R9i8BXSkKfTTtlxDJ2YZgn3Q3VXs", "expire_date": "2021-09-29T15:32:35.716Z"}}, {"model": "sessions.session", "pk": "7lpzdloqs9lq84wi5wud9tu34l1ztbq3", "fields": {"session_data": "e30:1mQWtC:oKa8lXE5Xqh9DwCbt99zORFN4EMiUDHa1F_hSP5zTwE", "expire_date": "2021-09-29T15:31:58.920Z"}}, {"model": "sessions.session", "pk": "in5yiw9fj25p6huhrhifzqel8wxfvswy", "fields": {"session_data": ".eJxVjMsOwiAUBf-FtSG8yqNL934DucDFogZMaRON8d-1SRe6PTNnXsTDukx-7Tj7kshIODn8bgHiFesG0gXqudHY6jKXQDeF7rTTU0t4O-7uX2CCPn3fTgqmZISQNQxCWamc5gxM1C5k1CrbIKyOERlXEp1gWjJhghESsuN22KIdey-tenzcy_wkI3t_AFmnPh4:1mQwu9:NxrHQhuRA2U2QZ9sARwS9TQbPzzWcIg4W8o8YcrxdNM", "expire_date": "2021-09-30T19:18:41.097Z"}}, {"model": "sessions.session", "pk": "ltb41puwygr1qh0ds52o2uny8xa6vlxm", "fields": {"session_data": ".eJxVjEsOAiEQRO_C2hA-02RwpxchDTSBOGESgdXEuytmFrqsV1XvYA5Hz240eroS2ZUpdvllHsOD6ixw2ybmGMI-auffzVk3fvskqr0E7GWv9_P1p8rY8vREaUkZhSAg2SBBIyq9kBcSzLrEFcGjUjoIQCArddLWeyNJElibNHu9AbCoPAQ:1mfSyx:AetiVtryqQXA5wH9bfdBYqlsCOmRrpwSRUTVLq_hNoo", "expire_date": "2021-11-09T20:23:39.152Z"}}, {"model": "sessions.session", "pk": "oi6wwe1k0ss4kl67nfqxmbjbjzh5iig1", "fields": {"session_data": "e30:1mQWtS:5_x4GIDE6-JaUCWoIgPHTrLn14LeWlGSTtwaKWkwGYA", "expire_date": "2021-09-29T15:32:14.797Z"}}, {"model": "sessions.session", "pk": "rmuxnasup6glk9balprqyfdvygxev0tn", "fields": {"session_data": "e30:1mQWsw:1WPY7L83LO4bJ0nUNiX9KMJGAiVYHsiAxbj1Rs2-tO4", "expire_date": "2021-09-29T15:31:42.162Z"}}, {"model": "sites.site", "pk": 2, "fields": {"domain": "example.com", "name": "example.com"}}, {"model": "sites.site", "pk": 3, "fields": {"domain": "127.0.0.1:8000", "name": "127.0.0.1:8000"}}, {"model": "dates.date", "pk": 1, "fields": {"title": "Garima's Birthday", "date": "2022-07-07", "created": "2021-10-07T07:02:21.577Z", "updated": "2021-10-07T07:02:21.577Z", "reminder": "one week", "date_user": 1}}, {"model": "dates.date", "pk": 2, "fields": {"title": "New Year", "date": "2021-12-31", "created": "2021-10-08T01:08:53.454Z", "updated": "2021-10-08T01:08:53.454Z", "reminder": "one month", "date_user": 1}}, {"model": "dates.date", "pk": 3, "fields": {"title": "Birthday", "date": "2021-01-02", "created": "2021-10-08T01:09:30.956Z", "updated": "2021-10-08T01:09:30.956Z", "reminder": "one week", "date_user": 1}}, {"model": "discussions.discussion", "pk": 1, "fields": {"title": "test", "content": "testing the app and ended up fighting!!", "created": "2021-09-14T22:44:47.775Z", "updated": "2021-09-14T22:45:56.487Z", "user": 1}}, {"model": "discussions.discussion", "pk": 2, "fields": {"title": "fruits", "content": "had an argument coz i didnt eat the fruits", "created": "2021-09-15T04:06:11.859Z", "updated": "2021-09-15T04:15:52.407Z", "user": 2}}, {"model": "discussions.discussion", "pk": 3, "fields": {"title": "garbage", "content": "you know if there is garbage in the house a fight is inevitable!!", "created": "2021-09-15T04:16:41.644Z", "updated": "2021-09-15T04:16:41.644Z", "user": 2}}, {"model": "discussions.discussion", "pk": 4, "fields": {"title": "Apple", "content": "did not buy apple", "created": "2021-09-29T23:15:19.447Z", "updated": "2021-09-29T23:15:19.447Z", "user": 1}}, {"model": "discussions.discussion", "pk": 5, "fields": {"title": "test2", "content": "testing again, fought again!!", "created": "2021-09-29T23:17:17.884Z", "updated": "2021-09-29T23:17:17.884Z", "user": 1}}, {"model": "discussions.discussion", "pk": 6, "fields": {"title": "Test3", "content": "tested third time, fought third time!!", "created": "2021-09-29T23:25:10.464Z", "updated": "2021-09-29T23:25:10.464Z", "user": 1}}, {"model": "discussions.discussion", "pk": 7, "fields": {"title": "Test4", "content": "tested 4th time, ended up fighting 4th time!!", "created": "2021-09-29T23:29:36.265Z", "updated": "2021-09-29T23:29:36.265Z", "user": 1}}, {"model": "discussions.discussion", "pk": 8, "fields": {"title": "test5", "content": "tested 5th time, fought for 5th time", "created": "2021-10-02T11:57:24.377Z", "updated": "2021-10-02T11:57:24.377Z", "user": 1}}, {"model": "discussions.discussion", "pk": 9, "fields": {"title": "Test 6", "content": "testing 6th time, fought for 6th time", "created": "2021-10-02T18:48:53.283Z", "updated": "2021-10-02T18:48:53.283Z", "user": 1}}, {"model": "discussions.discussion", "pk": 10, "fields": {"title": "test 7", "content": "testing 7, fought 7!!", "created": "2021-10-02T21:09:46.862Z", "updated": "2021-10-02T21:09:46.862Z", "user": 1}}, {"model": "discussions.discussion", "pk": 11, "fields": {"title": "test 8", "content": "testing 8, fought 8", "created": "2021-10-02T21:11:09.468Z", "updated": "2021-10-02T21:11:09.468Z", "user": 1}}, {"model": "discussions.discussion", "pk": 12, "fields": {"title": "travel", "content": "i wanted to travel, ended up fighting", "created": "2021-10-16T19:00:09.486Z", "updated": "2021-10-16T19:00:09.486Z", "user": 1}}, {"model": "discussions.discussion", "pk": 13, "fields": {"title": "Second thoughts", "content": "Chutiyapanti ke ladae", "created": "2021-10-17T22:46:51.663Z", "updated": "2021-10-17T22:46:51.663Z", "user": 1}}, {"model": "lies.lie", "pk": 4, "fields": {"title": "Lie lie lielie", "created": "2021-10-26T20:19:05.140Z", "updated": "2021-10-26T20:19:05.140Z", "lie_user": 2}}, {"model": "lies.lie", "pk": 5, "fields": {"title": "lying is good", "created": "2021-10-26T20:23:26.443Z", "updated": "2021-10-26T20:23:26.443Z", "lie_user": 2}}, {"model": "promises.promise", "pk": 1, "fields": {"title": "Watch", "content": "a $500 watch", "deliver_by": "2021-11-25", "created": "2021-09-16T18:50:06.765Z", "updated": "2021-09-16T18:50:06.765Z", "promise_user": 1}}, {"model": "promises.promise", "pk": 9, "fields": {"title": "Apple", "content": "iphone13", "deliver_by": "2021-10-23", "created": "2021-10-03T18:19:26.522Z", "updated": "2021-10-03T18:19:26.522Z", "promise_user": 1}}, {"model": "promises.promise", "pk": 10, "fields": {"title": "T-shirt", "content": "Expensive tshirt", "deliver_by": "2021-10-21", "created": "2021-10-03T18:25:58.028Z", "updated": "2021-10-03T18:25:58.029Z", "promise_user": 1}}, {"model": "sex.sex", "pk": 1, "fields": {"sex_count": 1, "created": "2021-10-14T22:33:20.053Z", "updated": "2021-10-14T22:33:20.053Z", "sex_user": 1}}, {"model": "sex.sex", "pk": 7, "fields": {"sex_count": 1, "created": "2021-10-14T22:52:57.853Z", "updated": "2021-10-14T22:52:57.853Z", "sex_user": 2}}, {"model": "sex.sex", "pk": 10, "fields": {"sex_count": 1, "created": "2021-10-14T22:53:51.850Z", "updated": "2021-10-14T22:53:51.850Z", "sex_user": 2}}, {"model": "sex.sex", "pk": 11, "fields": {"sex_count": 1, "created": "2021-10-14T22:53:53.472Z", "updated": "2021-10-14T22:53:53.472Z", "sex_user": 2}}, {"model": "sex.sex", "pk": 15, "fields": {"sex_count": 1, "created": "2021-10-14T23:33:37.089Z", "updated": "2021-10-14T23:33:37.089Z", "sex_user": 2}}, {"model": "sex.sex", "pk": 16, "fields": {"sex_count": 1, "created": "2021-10-15T05:19:39.461Z", "updated": "2021-10-15T05:19:39.461Z", "sex_user": 2}}, {"model": "sex.sex", "pk": 28, "fields": {"sex_count": 1, "created": "2021-10-17T22:43:47.116Z", "updated": "2021-10-17T22:43:47.116Z", "sex_user": 1}}, {"model": "sex.sex", "pk": 29, "fields": {"sex_count": 1, "created": "2021-10-17T22:43:47.871Z", "updated": "2021-10-17T22:43:47.871Z", "sex_user": 1}}, {"model": "sex.sex", "pk": 30, "fields": {"sex_count": 1, "created": "2021-10-19T21:55:48.236Z", "updated": "2021-10-19T21:55:48.236Z", "sex_user": 1}}, {"model": "sex.sex", "pk": 34, "fields": {"sex_count": 1, "created": "2021-10-24T23:22:15.246Z", "updated": "2021-10-24T23:22:15.246Z", "sex_user": 1}}, {"model": "sex.sex", "pk": 35, "fields": {"sex_count": 1, "created": "2021-10-24T23:22:16.099Z", "updated": "2021-10-24T23:22:16.099Z", "sex_user": 1}}, {"model": "traits.trait", "pk": 1, "fields": {"title": "Punctual", "content": "The timing is impeccable. Always on time with a precision of +-3 minutes.", "trait_type": "POSITIVE", "created": "2021-10-16T22:06:57.505Z", "updated": "2021-10-16T22:36:16.442Z", "trait_user": 1}}, {"model": "traits.trait", "pk": 8, "fields": {"title": "Unhygienic", "content": "No priority for taking a bath. Never washes the face and also never brushes the teeth.\r\n\r\nLooks like changing undergarments is also a tough task for him. Not to mention how they leave piss in the pot..", "trait_type": "NEGATIVE", "created": "2021-10-16T22:34:42.891Z", "updated": "2021-10-16T22:34:42.891Z", "trait_user": 1}}, {"model": "traits.trait", "pk": 9, "fields": {"title": "Romantic", "content": "So fucking romantic", "trait_type": "POSITIVE", "created": "2021-10-20T21:17:59.551Z", "updated": "2021-10-20T21:17:59.551Z", "trait_user": 1}}, {"model": "traits.trait", "pk": 10, "fields": {"title": "Money Minded", "content": "always paisa paisa paisa", "trait_type": "NEGATIVE", "created": "2021-10-20T21:18:19.737Z", "updated": "2021-10-20T21:18:19.737Z", "trait_user": 1}}, {"model": "account.emailaddress", "pk": 1, "fields": {"user": 2, "email": "throwawaya846@gmail.com", "verified": true, "primary": true}}, {"model": "account.emailaddress", "pk": 3, "fields": {"user": 3, "email": "kevof52449@wawue.com", "verified": false, "primary": true}}, {"model": "account.emailaddress", "pk": 4, "fields": {"user": 4, "email": "kigaxi9927@proxiesblog.com", "verified": false, "primary": true}}, {"model": "account.emailaddress", "pk": 5, "fields": {"user": 5, "email": "nesake7466@specialistblog.com", "verified": true, "primary": true}}, {"model": "account.emailaddress", "pk": 6, "fields": {"user": 1, "email": "ruud.raja@gmail.com", "verified": false, "primary": true}}, {"model": "socialaccount.socialapp", "pk": 1, "fields": {"provider": "google", "name": "dudap-django-auth-app", "client_id": "858711573299-1rnq5hd1s4rd0sl9pg8fh6meu86pcfd0.apps.googleusercontent.com", "secret": "BdXjCWSz-BSd-7LGFOYn-j70", "key": "", "sites": [3]}}, {"model": "socialaccount.socialaccount", "pk": 1, "fields": {"user": 2, "provider": "google", "uid": "101944951308657666624", "last_login": "2021-10-26T20:23:38.836Z", "date_joined": "2021-09-15T04:00:03.343Z", "extra_data": "{\"id\": \"101944951308657666624\", \"email\": \"throwawaya846@gmail.com\", \"verified_email\": true, \"name\": \"throwaway account\", \"given_name\": \"throwaway\", \"family_name\": \"account\", \"picture\": \"https://lh3.googleusercontent.com/a/AATXAJxsI7iqT_t2Vcnig029NkRAeSLstMhIYC7eWDNX=s96-c\", \"locale\": \"en\"}"}}, {"model": "socialaccount.socialtoken", "pk": 1, "fields": {"app": 1, "account": 1, "token": "ya29.a0ARrdaM_hHSESVh6eJ1KL3xNVJZxBh4c5Ikj9TyLlIKX3FD441SCM31Z4rXmnbVXLWLxwoVQHwlPUBwgPRKKJGKuSrVDzFIEHtxx182rrB6LtcBA7YPUOWVWkhHzbrRT-C8YftjGWJO0YU6aO7X0m73F8-8mvTlU", "token_secret": "", "expires_at": "2021-10-26T21:23:37.654Z"}}]